title,title
Wenchcombe Fort,Wenchcombe Fort
Catterborough Palace,Catterborough Palace
Termarth Fortress,Termarth Fortress
Gancaster Castle,Gancaster Castle
Perrigwyn Fort,Perrigwyn Fort
Crireton Castle,Crireton Castle
Stormholme Fortress,Stormholme Fortress
Windkeep Fort,Windkeep Fort
Wray Keep,Wray Keep
Pendragon Palace,Pendragon Palace
Wenchcombe Fort,Wenchcombe Fort
Catterborough Palace,Catterborough Palace
Termarth Fortress,Termarth Fortress
Gancaster Castle,Gancaster Castle
Perrigwyn Fort,Perrigwyn Fort
Crireton Castle,Crireton Castle
Stormholme Fortress,Stormholme Fortress
Windkeep Fort,Windkeep Fort
Wray Keep,Wray Keep
Pendragon Palace,Pendragon Palace
Wenchcombe Fort,Wenchcombe Fort
Catterborough Palace,Catterborough Palace
Termarth Fortress,Termarth Fortress
Gancaster Castle,Gancaster Castle
Perrigwyn Fort,Perrigwyn Fort
Crireton Castle,Crireton Castle
Stormholme Fortress,Stormholme Fortress
Windkeep Fort,Windkeep Fort
Wray Keep,Wray Keep
Pendragon Palace,Pendragon Palace
Wenchcombe Fort,Wenchcombe Fort
Catterborough Palace,Catterborough Palace
Termarth Fortress,Termarth Fortress
Gancaster Castle,Gancaster Castle
Perrigwyn Fort,Perrigwyn Fort
Crireton Castle,Crireton Castle
Stormholme Fortress,Stormholme Fortress
Windkeep Fort,Windkeep Fort
Wray Keep,Wray Keep
Pendragon Palace,Pendragon Palace
Wenchcombe Fort,Wenchcombe Fort
Catterborough Palace,Catterborough Palace
Termarth Fortress,Termarth Fortress
Gancaster Castle,Gancaster Castle
Perrigwyn Fort,Perrigwyn Fort
Crireton Castle,Crireton Castle
Stormholme Fortress,Stormholme Fortress
Windkeep Fort,Windkeep Fort
Wray Keep,Wray Keep
Pendragon Palace,Pendragon Palace
Wenchcombe Fort,Wenchcombe Fort
Catterborough Palace,Catterborough Palace
Termarth Fortress,Termarth Fortress
Gancaster Castle,Gancaster Castle
Perrigwyn Fort,Perrigwyn Fort
Crireton Castle,Crireton Castle
Stormholme Fortress,Stormholme Fortress
Windkeep Fort,Windkeep Fort
Wray Keep,Wray Keep
Pendragon Palace,Pendragon Palace
Wenchcombe Fort,Wenchcombe Fort
Catterborough Palace,Catterborough Palace
Termarth Fortress,Termarth Fortress
Gancaster Castle,Gancaster Castle
Perrigwyn Fort,Perrigwyn Fort
Crireton Castle,Crireton Castle
Stormholme Fortress,Stormholme Fortress
Windkeep Fort,Windkeep Fort
Wray Keep,Wray Keep
Pendragon Palace,Pendragon Palace
Wenchcombe Fort,Wenchcombe Fort
Catterborough Palace,Catterborough Palace
Termarth Fortress,Termarth Fortress
Gancaster Castle,Gancaster Castle
Perrigwyn Fort,Perrigwyn Fort
Crireton Castle,Crireton Castle
Stormholme Fortress,Stormholme Fortress
Windkeep Fort,Windkeep Fort
Wray Keep,Wray Keep
Pendragon Palace,Pendragon Palace
Wenchcombe Fort,Wenchcombe Fort
Catterborough Palace,Catterborough Palace
Termarth Fortress,Termarth Fortress
Gancaster Castle,Gancaster Castle
Perrigwyn Fort,Perrigwyn Fort
Crireton Castle,Crireton Castle
Stormholme Fortress,Stormholme Fortress
Windkeep Fort,Windkeep Fort
Wray Keep,Wray Keep
Pendragon Palace,Pendragon Palace
Wenchcombe Fort,Wenchcombe Fort
Catterborough Palace,Catterborough Palace
Termarth Fortress,Termarth Fortress
Gancaster Castle,Gancaster Castle
Perrigwyn Fort,Perrigwyn Fort
Crireton Castle,Crireton Castle
Stormholme Fortress,Stormholme Fortress
Windkeep Fort,Windkeep Fort
Wray Keep,Wray Keep
Pendragon Palace,Pendragon Palace
